{
  "__comment": "Instructions: https://mods.blakebr0.com/docs/cucumber/tags-config",
  "forge:ingots/tungsten": "null",
  "forge:ingots/copper": "tmechworks:copper_ingot",
  "forge:ingots/lumium": "thermal:lumium_ingot",
  "forge:silicon": "refinedstorage:silicon",
  "forge:gems/apatite": "thermal:apatite",
  "forge:dusts/saltpeter": "bloodmagic:saltpeter",
  "forge:ingots/steel": "libvulpes:ingotsteel",
  "forge:ingots/lead": "eidolon:lead_ingot",
  "forge:ingots/mithril": "null",
  "forge:ingots/iridium": "libvulpes:ingotiridium",
  "forge:ingots/zinc": "create:zinc_ingot",
  "forge:ingots/invar": "thermal:invar_ingot",
  "forge:gems/ruby": "thermal:ruby",
  "forge:dusts/niter": "thermal:niter_dust",
  "forge:ingots/chrome": "null",
  "forge:ingots/enderium": "thermal:enderium_ingot",
  "forge:dusts/sulfur": "eidolon:sulfur",
  "forge:ingots/nickel": "exnihilosequentia:ingot_nickel",
  "forge:ingots/constantan": "thermal:constantan_ingot",
  "forge:ingots/tin": "libvulpes:ingottin",
  "forge:gems/sapphire": "iceandfire:sapphire_gem",
  "forge:ingots/bronze": "thermal:bronze_ingot",
  "forge:ingots/electrum": "thermal:electrum_ingot",
  "forge:ingots/silver": "iceandfire:silver_ingot",
  "forge:ingots/platinum": "exnihilosequentia:ingot_platinum",
  "forge:ingots/graphite": "biggerreactors:graphite_ingot",
  "forge:ingots/uranium": "biggerreactors:yellorium_ingot",
  "forge:ingots/aluminum": "tmechworks:aluminum_ingot",
  "forge:ingots/signalum": "thermal:signalum_ingot",
  "forge:ingots/brass": "create:brass_ingot",
  "forge:ingots/titanium": "libvulpes:ingottitanium",
  "forge:rubber": "null"
}